From: pollas a, To: a a
hola bb
24-10-2024  12:47:55
From: pollas a, To: a a
me gustas
24-10-2024  12:48:08
From: pollas a, To: a a
guapo
24-10-2024  12:48:13
From: a a, To: pollas a
hola bb
24-10-2024  12:48:32
From: pollas a, To: a a
eres un pedazo de maricon
24-10-2024  13:12:06
From: a a, To: pollas a
pero que pollas chaval
24-10-2024  13:19:07
From: pollas a, To: a a
dioss
24-10-2024  13:19:39
From: a a, To: pollas a
aksjdkajshdjashdjashdajkshdkjasdkjahgsdjkaghsdkjahsdjkagsdkjashgdkjahgsdasdasdasdasdasdaaaaaaaaaaaaaaaaaaaaaaaaaaa
24-10-2024  13:32:25
From: a a, To: pollas a
me cago en dios
24-10-2024  13:36:14
From: pollas a, To: a a
hola bb
24-10-2024  12:47:55
From: a a, To: pollas a
q dise mi colega
24-10-2024  19:00:30
From: pollas a, To: a a
hola bb
24-10-2024  12:47:55
From: a a, To: pollas a
hola??
24-10-2024  19:04:06
From: a a, To: pollas a
hola??
24-10-2024  19:04:06
From: a a, To: pollas a
me cago en dios
24-10-2024  19:04:13
From: a a, To: pollas a
me cago en dios
24-10-2024  19:04:13
